question,choice1,choice2,choice3,choice4,correct choice,predicted choice,correct or not
enormously,appropriately,uniquely,tremendously,decidedly,tremendously,tremendously,1
provisions,stipulations,interrelations,jurisdictions,interpretations,stipulations,stipulations,1
haphazardly,dangerously,densely,randomly,linearly,randomly,randomly,1
prominent,battered,ancient,mysterious,conspicuous,conspicuous,conspicuous,1
zenith,completion,pinnacle,outset,decline,pinnacle,pinnacle,1
flawed,tiny,imperfect,lustrous,crude,imperfect,imperfect,1
urgently,typically,conceivably,tentatively,desperately,desperately,desperately,1
consumed,bred,caught,eaten,supplied,eaten,eaten,1
advent,coming,arrest,financing,stability,coming,coming,1
concisely,powerfully,positively,freely,succinctly,succinctly,succinctly,1
salutes,information,ceremonies,greetings,privileges,greetings,greetings,1
solitary,alert,restless,alone,fearless,alone,restless,0
hasten,permit,determine,accelerate,accompany,accelerate,accelerate,1
perseverance,endurance,skill,generosity,disturbance,endurance,generosity,0
fanciful,familiar,imaginative,apparent,logical,imaginative,imaginative,1
showed,demonstrated,published,repeated,postponed,demonstrated,demonstrated,1
constantly,instantly,continually,rapidly,accidentally,continually,continually,1
issues,training,salaries,subjects,benefits,subjects,subjects,1
furnish,supply,impress,protect,advise,supply,supply,1
costly,expensive,beautiful,popular,complicated,expensive,expensive,1
recognized,successful,depicted,acknowledged,welcomed,acknowledged,acknowledged,1
spot,climate,latitude,sea,location,location,location,1
make,earn,print,trade,borrow,earn,earn,1
often,definitely,frequently,chemically,hardly,frequently,frequently,1
easygoing,frontier,boring,farming,relaxed,relaxed,relaxed,1
debate,war,argument,election,competition,argument,argument,1
narrow,clear,freezing,thin,poisonous,thin,thin,1
arranged,planned,explained,studied,discarded,planned,planned,1
infinite,limitless,relative,unusual,structural,limitless,limitless,1
showy,striking,prickly,entertaining,incidental,striking,prickly,0
levied,imposed,believed,requested,correlated,imposed,imposed,1
deftly,skillfully,prudently,occasionally,humorously,skillfully,skillfully,1
distribute,commercialize,circulate,research,acknowledge,circulate,circulate,1
discrepancies,weights,deposits,wavelengths,differences,differences,differences,1
prolific,productive,serious,capable,promising,productive,productive,1
unmatched,unrecognized,unequaled,alienated,emulated,unequaled,unequaled,1
peculiarly,partly,uniquely,patriotically,suspiciously,uniquely,uniquely,1
hue,glare,contrast,color,scent,color,color,1
hind,curved,muscular,hairy,rear,rear,curved,0
highlight,alter,imitate,accentuate,restore,accentuate,accentuate,1
hastily,hurriedly,shrewdly,habitually,chronologically,hurriedly,hurriedly,1
temperate,cold,mild,short,windy,mild,mild,1
grin,exercise,rest,joke,smile,smile,smile,1
verbally,orally,overtly,fittingly,verbosely,orally,orally,1
physician,chemist,pharmacist,nurse,doctor,doctor,doctor,1
essentially,possibly,eagerly,basically,ordinarily,basically,basically,1
keen,useful,simple,famous,sharp,sharp,sharp,1
situated,rotating,isolated,emptying,positioned,positioned,positioned,1
principal,most,numerous,major,exceptional,major,major,1
slowly,rarely,gradually,effectively,continuously,gradually,gradually,1
built,constructed,proposed,financed,organized,constructed,constructed,1
tasks,customers,materials,shops,jobs,jobs,jobs,1
unlikely,improbable,disagreeable,different,unpopular,improbable,improbable,1
halfheartedly,customarily,bipartisanly,apathetically,unconventionally,apathetically,unconventionally,0
annals,homes,trails,chronicles,songs,chronicles,chronicles,1
wildly,distinctively,mysteriously,abruptly,furiously,furiously,furiously,1
hailed,judged,acclaimed,remembered,addressed,acclaimed,remembered,0
command,observation,love,awareness,mastery,mastery,observation,0
concocted,devised,cleaned,requested,supervised,devised,devised,1
prospective,particular,prudent,potential,prominent,potential,potential,1
generally,descriptively,broadly,controversially,accurately,broadly,broadly,1
sustained,prolonged,refined,lowered,analyzed,prolonged,prolonged,1
perilous,binding,exciting,offensive,dangerous,dangerous,dangerous,1
tranquillity,peacefulness,harshness,weariness,happiness,peacefulness,peacefulness,1
dissipate,disperse,isolate,disguise,photograph,disperse,disperse,1
primarily,occasionally,cautiously,consistently,chiefly,chiefly,chiefly,1
colloquial,recorded,misunderstood,incorrect,conversational,conversational,conversational,1
resolved,publicized,forgotten,settled,examined,settled,settled,1
feasible,permitted,possible,equitable,evident,possible,possible,1
expeditiously,frequently,actually,rapidly,repeatedly,rapidly,rapidly,1
percentage,volume,sample,proportion,profit,proportion,proportion,1
terminated,ended,posed,postponed,evaluated,ended,ended,1
uniform,hard,complex,alike,sharp,alike,hard,0
figure,list,solve,divide,express,solve,list,0
sufficient,recent,physiological,enough,valuable,enough,enough,1
fashion,ration,fathom,craze,manner,manner,manner,1
marketed,frozen,sold,sweetened,diluted,sold,sold,1
bigger,steadier,closer,larger,better,larger,larger,1
roots,origins,rituals,cure,function,origins,origins,1
normally,haltingly,ordinarily,permanently,periodically,ordinarily,ordinarily,1
